INSERT INTO EMPLOYEE (EMPLOYEE_ID, FIRSTNAME, LASTNAME, COUNTRY, EMPLOYEE_TYPE) VALUES (EMPLOYEE_ID_SEQUENCE.NEXTVAL,'PERNILLE', 'JACOBSEN', 'DENMARK', 'DELL mdf');
INSERT INTO EMPLOYEE (EMPLOYEE_ID, FIRSTNAME, LASTNAME, COUNTRY, EMPLOYEE_TYPE) VALUES (EMPLOYEE_ID_SEQUENCE.NEXTVAL,'Jeanette', 'Boring-Møller', 'DENMARK', 'DELL mdf');
INSERT INTO PARTNER (PARTNER_ID, COUNTRY, PARTNER_NAME, PARTNER_TYPE) VALUES (PARTNER_ID_SEQUENCE.NEXTVAL, 'DENMARK', 'JEANETTE', 'CPHBUSINESS');
INSERT INTO PARTNER (PARTNER_ID, COUNTRY, PARTNER_NAME, PARTNER_TYPE) VALUES (PARTNER_ID_SEQUENCE.NEXTVAL, 'DENMARK', 'Marta', 'valby');
INSERT INTO EMPLOYEE (EMPLOYEE_ID, FIRSTNAME, LASTNAME, COUNTRY, EMPLOYEE_TYPE) VALUES (EMPLOYEE_ID_SEQUENCE.NEXTVAL, 'DUMMY', 'DUMMY', 'DUMMY', 'DUMMY');
INSERT INTO PARTNER (PARTNER_ID, COUNTRY, PARTNER_NAME, PARTNER_TYPE) VALUES (PARTNER_ID_SEQUENCE.NEXTVAL, 'DUMMY', 'DUMMY', 'DUMMY');
INSERT INTO USERS (USER_ID, USERNAME, PASSWORD, FIRSTNAME, LASTNAME, USER_TYPE, PARTNER_ID, EMPLOYEE_ID) VALUES (USER_ID_SEQUENCE.NEXTVAL, 'partner', 'partner', 'partner', 'partner', 'Partner', '1','0');
INSERT INTO USERS (USER_ID, USERNAME, PASSWORD, FIRSTNAME, LASTNAME, USER_TYPE, PARTNER_ID, EMPLOYEE_ID) VALUES (USER_ID_SEQUENCE.NEXTVAL, 'dell', 'dell', 'dell', 'dell', 'dell', '0','1');
INSERT INTO QUARTER (QUARTER_NAME, QUARTER_BUDGET) VALUES ('FY1502', 500000);
INSERT INTO QUARTER (QUARTER_NAME, QUARTER_BUDGET) VALUES ('FY1503', 500000);

INSERT INTO PROJECT (PROJECT_ID, STATUS, ACTIVITY_DESCRIPTION, COMMENTS, TARGET_AUDIENCE, PROJECT_BUDGET, PROJECT_COST, CURRENCY, START_DATE, END_DATE, OBJECTIVE_RESULT, REQUIRED_POE, PARTNER_ID, EMPLOYEE_ID, QUARTER_NAME) VALUES (PROJECT_ID_SEQUENCE.NEXTVAL, 'Project proposal', 'hello', 'hej', 'hi', 9000, 0, 'DKK', TO_DATE('2014-04-28','YYYY-MM-DD'), TO_DATE('2015-04-28','YYYY-MM-DD'), 'Nihou', 'Hola', 1, 1, 'FY1502');
INSERT INTO PROJECT (PROJECT_ID, STATUS, ACTIVITY_DESCRIPTION, COMMENTS, TARGET_AUDIENCE, PROJECT_BUDGET, PROJECT_COST, CURRENCY, START_DATE, END_DATE, OBJECTIVE_RESULT, REQUIRED_POE, PARTNER_ID, EMPLOYEE_ID, QUARTER_NAME) VALUES (PROJECT_ID_SEQUENCE.NEXTVAL, 'Project approval', 'Search project', 'Test2', 'hi', 9000, 0, 'DKK', TO_DATE('2014-04-28','YYYY-MM-DD'), TO_DATE('2015-04-28','YYYY-MM-DD'), 'Nihou', 'Hola', 1, 1, 'FY1502');
INSERT INTO PROJECT (PROJECT_ID, STATUS, ACTIVITY_DESCRIPTION, COMMENTS, TARGET_AUDIENCE, PROJECT_BUDGET, PROJECT_COST, CURRENCY, START_DATE, END_DATE, OBJECTIVE_RESULT, REQUIRED_POE, PARTNER_ID, EMPLOYEE_ID, QUARTER_NAME) VALUES (PROJECT_ID_SEQUENCE.NEXTVAL, 'Execution', 'Search project', 'hej', 'hi', 9000, 0, 'DKK', TO_DATE('2014-04-28','YYYY-MM-DD'), TO_DATE('2015-04-28','YYYY-MM-DD'), 'Nihou', 'Hola', 1, 1, 'FY1502');
INSERT INTO PROJECT (PROJECT_ID, STATUS, ACTIVITY_DESCRIPTION, COMMENTS, TARGET_AUDIENCE, PROJECT_BUDGET, PROJECT_COST, CURRENCY, START_DATE, END_DATE, OBJECTIVE_RESULT, REQUIRED_POE, PARTNER_ID, EMPLOYEE_ID, QUARTER_NAME) VALUES (PROJECT_ID_SEQUENCE.NEXTVAL, 'POE uploaded', 'Search project', 'hej', 'hi', 9000, 0, 'DKK', TO_DATE('2014-04-28','YYYY-MM-DD'), TO_DATE('2015-04-28','YYYY-MM-DD'), 'Nihou', 'Hola', 1, 1, 'FY1502');
INSERT INTO PROJECT (PROJECT_ID, STATUS, ACTIVITY_DESCRIPTION, COMMENTS, TARGET_AUDIENCE, PROJECT_BUDGET, PROJECT_COST, CURRENCY, START_DATE, END_DATE, OBJECTIVE_RESULT, REQUIRED_POE, PARTNER_ID, EMPLOYEE_ID, QUARTER_NAME) VALUES (PROJECT_ID_SEQUENCE.NEXTVAL, 'POE approval', 'Search project', 'hej', 'hi', 9000, 0, 'DKK', TO_DATE('2014-04-28','YYYY-MM-DD'), TO_DATE('2015-04-28','YYYY-MM-DD'), 'Nihou', 'Hola', 1, 1, 'FY1502');
INSERT INTO PROJECT (PROJECT_ID, STATUS, ACTIVITY_DESCRIPTION, COMMENTS, TARGET_AUDIENCE, PROJECT_BUDGET, PROJECT_COST, CURRENCY, START_DATE, END_DATE, OBJECTIVE_RESULT, REQUIRED_POE, PARTNER_ID, EMPLOYEE_ID, QUARTER_NAME) VALUES (PROJECT_ID_SEQUENCE.NEXTVAL, 'Claim uploaded', 'Search project', 'hej', 'hi', 9000, 0, 'DKK', TO_DATE('2014-04-28','YYYY-MM-DD'), TO_DATE('2015-04-28','YYYY-MM-DD'), 'Nihou', 'Hola', 1, 1, 'FY1502');
INSERT INTO PROJECT (PROJECT_ID, STATUS, ACTIVITY_DESCRIPTION, COMMENTS, TARGET_AUDIENCE, PROJECT_BUDGET, PROJECT_COST, CURRENCY, START_DATE, END_DATE, OBJECTIVE_RESULT, REQUIRED_POE, PARTNER_ID, EMPLOYEE_ID, QUARTER_NAME) VALUES (PROJECT_ID_SEQUENCE.NEXTVAL, 'Claim approved', 'Search project', 'hej', 'hi', 9000, 0, 'DKK', TO_DATE('2014-04-28','YYYY-MM-DD'), TO_DATE('2015-04-28','YYYY-MM-DD'), 'Nihou', 'Hola', 1, 1, 'FY1502');
INSERT INTO PROJECT (PROJECT_ID, STATUS, ACTIVITY_DESCRIPTION, COMMENTS, TARGET_AUDIENCE, PROJECT_BUDGET, PROJECT_COST, CURRENCY, START_DATE, END_DATE, OBJECTIVE_RESULT, REQUIRED_POE, PARTNER_ID, EMPLOYEE_ID, QUARTER_NAME) VALUES (PROJECT_ID_SEQUENCE.NEXTVAL, 'Reimburse', 'Search project', 'hej', 'hi', 9000, 0, 'DKK', TO_DATE('2014-04-28','YYYY-MM-DD'), TO_DATE('2015-04-28','YYYY-MM-DD'), 'Nihou', 'Hola', 1, 1, 'FY1502');

INSERT INTO PROJECT (PROJECT_ID, STATUS, ACTIVITY_DESCRIPTION, COMMENTS, TARGET_AUDIENCE, PROJECT_BUDGET, PROJECT_COST, CURRENCY, START_DATE, END_DATE, OBJECTIVE_RESULT, REQUIRED_POE, PARTNER_ID, EMPLOYEE_ID, QUARTER_NAME) VALUES (PROJECT_ID_SEQUENCE.NEXTVAL, 'Project proposal', 'hello', 'hej', 'hi', 9000, 0, 'DKK', TO_DATE('2014-04-28','YYYY-MM-DD'), TO_DATE('2015-04-28','YYYY-MM-DD'), 'Nihou', 'Hola', 2, 1, 'FY1502');
INSERT INTO PROJECT (PROJECT_ID, STATUS, ACTIVITY_DESCRIPTION, COMMENTS, TARGET_AUDIENCE, PROJECT_BUDGET, PROJECT_COST, CURRENCY, START_DATE, END_DATE, OBJECTIVE_RESULT, REQUIRED_POE, PARTNER_ID, EMPLOYEE_ID, QUARTER_NAME) VALUES (PROJECT_ID_SEQUENCE.NEXTVAL, 'Project approval', 'Search project', 'Test2', 'hi', 9000, 0, 'DKK', TO_DATE('2014-04-28','YYYY-MM-DD'), TO_DATE('2015-04-28','YYYY-MM-DD'), 'Nihou', 'Hola', 2, 1, 'FY1502');
INSERT INTO PROJECT (PROJECT_ID, STATUS, ACTIVITY_DESCRIPTION, COMMENTS, TARGET_AUDIENCE, PROJECT_BUDGET, PROJECT_COST, CURRENCY, START_DATE, END_DATE, OBJECTIVE_RESULT, REQUIRED_POE, PARTNER_ID, EMPLOYEE_ID, QUARTER_NAME) VALUES (PROJECT_ID_SEQUENCE.NEXTVAL, 'Execution', 'Search project', 'hej', 'hi', 9000, 0, 'DKK', TO_DATE('2014-04-28','YYYY-MM-DD'), TO_DATE('2015-04-28','YYYY-MM-DD'), 'Nihou', 'Hola', 2, 1, 'FY1502');
INSERT INTO PROJECT (PROJECT_ID, STATUS, ACTIVITY_DESCRIPTION, COMMENTS, TARGET_AUDIENCE, PROJECT_BUDGET, PROJECT_COST, CURRENCY, START_DATE, END_DATE, OBJECTIVE_RESULT, REQUIRED_POE, PARTNER_ID, EMPLOYEE_ID, QUARTER_NAME) VALUES (PROJECT_ID_SEQUENCE.NEXTVAL, 'POE uploaded', 'Search project', 'hej', 'hi', 9000, 0, 'DKK', TO_DATE('2014-04-28','YYYY-MM-DD'), TO_DATE('2015-04-28','YYYY-MM-DD'), 'Nihou', 'Hola', 2, 1, 'FY1502');
INSERT INTO PROJECT (PROJECT_ID, STATUS, ACTIVITY_DESCRIPTION, COMMENTS, TARGET_AUDIENCE, PROJECT_BUDGET, PROJECT_COST, CURRENCY, START_DATE, END_DATE, OBJECTIVE_RESULT, REQUIRED_POE, PARTNER_ID, EMPLOYEE_ID, QUARTER_NAME) VALUES (PROJECT_ID_SEQUENCE.NEXTVAL, 'POE approval', 'Search project', 'hej', 'hi', 9000, 0, 'DKK', TO_DATE('2014-04-28','YYYY-MM-DD'), TO_DATE('2015-04-28','YYYY-MM-DD'), 'Nihou', 'Hola', 2, 1, 'FY1502');
INSERT INTO PROJECT (PROJECT_ID, STATUS, ACTIVITY_DESCRIPTION, COMMENTS, TARGET_AUDIENCE, PROJECT_BUDGET, PROJECT_COST, CURRENCY, START_DATE, END_DATE, OBJECTIVE_RESULT, REQUIRED_POE, PARTNER_ID, EMPLOYEE_ID, QUARTER_NAME) VALUES (PROJECT_ID_SEQUENCE.NEXTVAL, 'Claim uploaded', 'Search project', 'hej', 'hi', 9000, 0, 'DKK', TO_DATE('2014-04-28','YYYY-MM-DD'), TO_DATE('2015-04-28','YYYY-MM-DD'), 'Nihou', 'Hola', 2, 1, 'FY1502');
INSERT INTO PROJECT (PROJECT_ID, STATUS, ACTIVITY_DESCRIPTION, COMMENTS, TARGET_AUDIENCE, PROJECT_BUDGET, PROJECT_COST, CURRENCY, START_DATE, END_DATE, OBJECTIVE_RESULT, REQUIRED_POE, PARTNER_ID, EMPLOYEE_ID, QUARTER_NAME) VALUES (PROJECT_ID_SEQUENCE.NEXTVAL, 'Claim approved', 'Search project', 'hej', 'hi', 9000, 0, 'DKK', TO_DATE('2014-04-28','YYYY-MM-DD'), TO_DATE('2015-04-28','YYYY-MM-DD'), 'Nihou', 'Hola', 2, 1, 'FY1502');
INSERT INTO PROJECT (PROJECT_ID, STATUS, ACTIVITY_DESCRIPTION, COMMENTS, TARGET_AUDIENCE, PROJECT_BUDGET, PROJECT_COST, CURRENCY, START_DATE, END_DATE, OBJECTIVE_RESULT, REQUIRED_POE, PARTNER_ID, EMPLOYEE_ID, QUARTER_NAME) VALUES (PROJECT_ID_SEQUENCE.NEXTVAL, 'Reimburse', 'Search project', 'hej', 'hi', 9000, 0, 'DKK', TO_DATE('2014-04-28','YYYY-MM-DD'), TO_DATE('2015-04-28','YYYY-MM-DD'), 'Nihou', 'Hola', 2, 1, 'FY1502');

INSERT INTO PARTNER (PARTNER_ID, COUNTRY, PARTNER_NAME, PARTNER_TYPE) VALUES (PARTNER_ID_SEQUENCE.NEXTVAL, 'Norway', 'Dell', 'partner');
INSERT INTO PARTNER (PARTNER_ID, COUNTRY, PARTNER_NAME, PARTNER_TYPE) VALUES (PARTNER_ID_SEQUENCE.NEXTVAL, 'Norway', 'MOVE AS', 'partner');
INSERT INTO PARTNER (PARTNER_ID, COUNTRY, PARTNER_NAME, PARTNER_TYPE) VALUES (PARTNER_ID_SEQUENCE.NEXTVAL, 'Finalnd', 'BUSINESSFORUM OY', 'partner');
INSERT INTO PARTNER (PARTNER_ID, COUNTRY, PARTNER_NAME, PARTNER_TYPE) VALUES (PARTNER_ID_SEQUENCE.NEXTVAL, 'Denmark', 'DUSTIN A/S', 'partner');


INSERT INTO PROJECT (PROJECT_ID, STATUS, ACTIVITY_DESCRIPTION, COMMENTS, TARGET_AUDIENCE, PROJECT_BUDGET, PROJECT_COST, CURRENCY, START_DATE, END_DATE, OBJECTIVE_RESULT, REQUIRED_POE, PARTNER_ID, EMPLOYEE_ID, QUARTER_NAME) VALUES (PROJECT_ID_SEQUENCE.NEXTVAL, 'Project proposal', 'PSE training for partners (Partner Sales Exellence)', 'Solutions selling training course for Dell partners sales staff. Min. 20 participants', 'Dell to Reseller', 40000, 30000, 'NOR', TO_DATE('2016-04-01','YYYY-MM-DD'), TO_DATE('2016-04-30','YYYY-MM-DD'), 'Partner Enablement, 20 participants', 'null', 4, 1, 'FY16Q1');
INSERT INTO PROJECT (PROJECT_ID, STATUS, ACTIVITY_DESCRIPTION, COMMENTS, TARGET_AUDIENCE, PROJECT_BUDGET, PROJECT_COST, CURRENCY, START_DATE, END_DATE, OBJECTIVE_RESULT, REQUIRED_POE, PARTNER_ID, EMPLOYEE_ID, QUARTER_NAME) VALUES (PROJECT_ID_SEQUENCE.NEXTVAL, 'Project proposal', 'US Embassy', ' Customer event at US embassy - speakerslot', 'Reseller to End Customer', 30000, 25000, 'NOR', TO_DATE('2016-04-16','YYYY-MM-DD'), TO_DATE('2016-04-16','YYYY-MM-DD'), 'Generate leads 100 participants, 10 leads', 'Invite, list of attendees, leads loaded to CMAP, pictures of event, INTEL compliant presentation preapproved by MKT', 5, 0, 'FY16Q1');
INSERT INTO PROJECT (PROJECT_ID, STATUS, ACTIVITY_DESCRIPTION, COMMENTS, TARGET_AUDIENCE, PROJECT_BUDGET, PROJECT_COST, CURRENCY, START_DATE, END_DATE, OBJECTIVE_RESULT, REQUIRED_POE, PARTNER_ID, EMPLOYEE_ID, QUARTER_NAME) VALUES (PROJECT_ID_SEQUENCE.NEXTVAL, 'Project proposal', 'Online presence and communication package Q1 (Patrick/Jesse to define)', 'Package of banners, microsite, e-mails/newsletters to ensure visibility of Dell messages and promotions on BF web-site and storre', 'Reseller to End Customer', 20000, 10000, 'EUR', TO_DATE('2016-02-13','YYYY-MM-DD'), TO_DATE('2016-04-30','YYYY-MM-DD'), 'Awareness, sales, 250K EUR Revenue', 'Screen dumps, e-mails, click stats, sales revenue', 6, 0, 'FY16Q1');
INSERT INTO PROJECT (PROJECT_ID, STATUS, ACTIVITY_DESCRIPTION, COMMENTS, TARGET_AUDIENCE, PROJECT_BUDGET, PROJECT_COST, CURRENCY, START_DATE, END_DATE, OBJECTIVE_RESULT, REQUIRED_POE, PARTNER_ID, EMPLOYEE_ID, QUARTER_NAME) VALUES (PROJECT_ID_SEQUENCE.NEXTVAL, 'Project proposal', 'Chosen 100 Campaign (Enterprise - SAN)', 'Storage conversion campaign (call out/f2f meetings) targeting 100 selected accounts', 'Reseller to End Customer', 90000, 80000, 'DKK', TO_DATE('2015-02-01','YYYY-MM-DD'), TO_DATE('2016-04-30','YYYY-MM-DD'), '300K new pipe, 10 deal regs', 'List of chosen customers, list of leads loaded to CMAP for Dustin follow up, Copy of DM', 7, 0, 'FY16Q1');
INSERT INTO PROJECT (PROJECT_ID, STATUS, ACTIVITY_DESCRIPTION, COMMENTS, TARGET_AUDIENCE, PROJECT_BUDGET, PROJECT_COST, CURRENCY, START_DATE, END_DATE, OBJECTIVE_RESULT, REQUIRED_POE, PARTNER_ID, EMPLOYEE_ID, QUARTER_NAME) VALUES (PROJECT_ID_SEQUENCE.NEXTVAL, 'Project proposal', 'Focus Magazine Participation SSN', ' Magazine to 5000 recipients, training of Dustin reps, call out to 3500 accoutns, online presence', 'Reseller to End Customer', 200000, 180000, 'DKK', TO_DATE('2015-02-16','YYYY-MM-DD'), TO_DATE('2015-03-06','YYYY-MM-DD'), '300K$ enterprise pipeline', 'Copy of magazine, list of dealregs', 7, 0, 'FY16Q1');
INSERT INTO QUARTER (QUARTER_NAME, QUARTER_BUDGET) VALUES ('FY16Q1', 500000);
commit;


